insert into DRZAVA (OZNAKA_DRZAVE, IME_DRZAVE) values (9, '4A6GPACFWCNFV 7LG0BQN0AV8BLU34');

insert into DRZAVA (OZNAKA_DRZAVE, IME_DRZAVE) values (12, 'VN4RMCXE81R7KKUX2OJYAA7AGG11SO');

insert into DRZAVA (OZNAKA_DRZAVE, IME_DRZAVE) values (11, 'GGOFJG268JEYLP RVXSSNB9 WGWE5K');

insert into DRZAVA (OZNAKA_DRZAVE, IME_DRZAVE) values (2, 'JHQI E4CTHDM84Q2L9HTCA1RK17CCQ');

insert into DRZAVA (OZNAKA_DRZAVE, IME_DRZAVE) values (16, 'TA4TKILGJQ98IEUKFQ6UJ2CJS6PB1K');

insert into DRZAVA (OZNAKA_DRZAVE, IME_DRZAVE) values (7, '8G9TXO4B GB6X09D ATIRUD12YXSA2');

insert into DRZAVA (OZNAKA_DRZAVE, IME_DRZAVE) values (4, 'NJMML0IOVN8CYIKWLS C1EG3PUG0C2');

insert into DRZAVA (OZNAKA_DRZAVE, IME_DRZAVE) values (8, '56QE8AU3KYR243TV2IXR U1PKYNC44');

insert into DRZAVA (OZNAKA_DRZAVE, IME_DRZAVE) values (10, 'WS81E4GK I032R2O6OG004MWO2ICQ7');

insert into DRZAVA (OZNAKA_DRZAVE, IME_DRZAVE) values (3, 'AUB0NJ6FAMS TALU438KW23HANRCWP');

insert into DRZAVA (OZNAKA_DRZAVE, IME_DRZAVE) values (5, 'WWVP80N5XVHL0J69E51G3JRWS90B P');

insert into DRZAVA (OZNAKA_DRZAVE, IME_DRZAVE) values (6, 'J1GNF97GPT QDOBIG83A8SQUK93NH3');

insert into DRZAVA (OZNAKA_DRZAVE, IME_DRZAVE) values (19, 'YMAS6G63O7C333X59G5YLNP820XEGM');

insert into DRZAVA (OZNAKA_DRZAVE, IME_DRZAVE) values (18, '086R8083 V0FB0DTU7B8VR9F5XXUO5');

insert into DRZAVA (OZNAKA_DRZAVE, IME_DRZAVE) values (15, 'PXL026M957E8HLJ4CJG7T1GGUL 2 G');

insert into DRZAVA (OZNAKA_DRZAVE, IME_DRZAVE) values (17, 'ST24VPY5UOW2KV9E1IXPOF29VEJW6U');

insert into DRZAVA (OZNAKA_DRZAVE, IME_DRZAVE) values (1, 'ME80 92O8JE9TK12615QQJVDNCTKTD');

insert into DRZAVA (OZNAKA_DRZAVE, IME_DRZAVE) values (14, 'P32YNTIU0I1JI9CYL8V4D4FSGCVD48');

insert into DRZAVA (OZNAKA_DRZAVE, IME_DRZAVE) values (13, 'E9VC57G 69IA58VN7Q 6OHQR9 WEOB');

insert into DRZAVA (OZNAKA_DRZAVE, IME_DRZAVE) values (0, 'NK61X5J8QMV6X8447L7L9R9EV1B5G8');

insert into NASELJENO_MESTO (OZNAKA_DRZAVE, OZNAKA_NASELJENOG_MESTA, IME_NASELJENOG_MESTA) values (9, 3, 'E9MP3WEV INQCFTSQ23QNS8CAV9822');

insert into NASELJENO_MESTO (OZNAKA_DRZAVE, OZNAKA_NASELJENOG_MESTA, IME_NASELJENOG_MESTA) values (12, 14, 'I4605B1WD0YX0YIY4LAIJGKY7MAQPV');

insert into NASELJENO_MESTO (OZNAKA_DRZAVE, OZNAKA_NASELJENOG_MESTA, IME_NASELJENOG_MESTA) values (11, 17, 'YLCQXX4XVKC1JM7LOSC1G7U53SXOYV');

insert into NASELJENO_MESTO (OZNAKA_DRZAVE, OZNAKA_NASELJENOG_MESTA, IME_NASELJENOG_MESTA) values (2, 11, 'N303QDUK I0VMBX9G7FLQRQ3893VSL');

insert into NASELJENO_MESTO (OZNAKA_DRZAVE, OZNAKA_NASELJENOG_MESTA, IME_NASELJENOG_MESTA) values (16, 7, '5UMFQEEWLCT R4NQPCOE5CMVV0NAD3');

insert into NASELJENO_MESTO (OZNAKA_DRZAVE, OZNAKA_NASELJENOG_MESTA, IME_NASELJENOG_MESTA) values (7, 10, 'C17 WJGLCQ5FEEEU1OW2ES6AK35FNS');

insert into NASELJENO_MESTO (OZNAKA_DRZAVE, OZNAKA_NASELJENOG_MESTA, IME_NASELJENOG_MESTA) values (4, 12, 'LP86TGA3J3NT R3S1VL5VFS2RX8L6R');

insert into NASELJENO_MESTO (OZNAKA_DRZAVE, OZNAKA_NASELJENOG_MESTA, IME_NASELJENOG_MESTA) values (8, 6, 'I9C4BR35BP4JKLX206QA6KIAPX23H3');

insert into NASELJENO_MESTO (OZNAKA_DRZAVE, OZNAKA_NASELJENOG_MESTA, IME_NASELJENOG_MESTA) values (10, 13, '043A53M JR76CVJ37VTPFJW  7O34U');

insert into NASELJENO_MESTO (OZNAKA_DRZAVE, OZNAKA_NASELJENOG_MESTA, IME_NASELJENOG_MESTA) values (3, 18, '9W4DXJEO9N4QQ76B5THFXI 80XXITC');

insert into NASELJENO_MESTO (OZNAKA_DRZAVE, OZNAKA_NASELJENOG_MESTA, IME_NASELJENOG_MESTA) values (5, 9, 'XKSSB79LE5L25CEKKE2VUUCP7CVGED');

insert into NASELJENO_MESTO (OZNAKA_DRZAVE, OZNAKA_NASELJENOG_MESTA, IME_NASELJENOG_MESTA) values (6, 4, '0HBVA2V4W6E532DNE3CW8TQ SJP426');

insert into NASELJENO_MESTO (OZNAKA_DRZAVE, OZNAKA_NASELJENOG_MESTA, IME_NASELJENOG_MESTA) values (19, 16, 'TQPA1QANGBD IIC WFHL6VNS0GK631');

insert into NASELJENO_MESTO (OZNAKA_DRZAVE, OZNAKA_NASELJENOG_MESTA, IME_NASELJENOG_MESTA) values (18, 15, 'A82A0OUDEV6VVRRF6RBA5 ROKGYPOX');

insert into NASELJENO_MESTO (OZNAKA_DRZAVE, OZNAKA_NASELJENOG_MESTA, IME_NASELJENOG_MESTA) values (15, 5, 'UYEACIPH97DPHJ782AIULMH5LY909W');

insert into NASELJENO_MESTO (OZNAKA_DRZAVE, OZNAKA_NASELJENOG_MESTA, IME_NASELJENOG_MESTA) values (17, 1, 'S2DWEJDNANT25K9YU9AUE51K904LB5');

insert into NASELJENO_MESTO (OZNAKA_DRZAVE, OZNAKA_NASELJENOG_MESTA, IME_NASELJENOG_MESTA) values (1, 0, '117VY9HP5TT4V0THTGYN7366H2XJQU');

insert into NASELJENO_MESTO (OZNAKA_DRZAVE, OZNAKA_NASELJENOG_MESTA, IME_NASELJENOG_MESTA) values (14, 19, 'D4RVWQSNY17S2WSCMXV7CAFB7Y2VJR');

insert into NASELJENO_MESTO (OZNAKA_DRZAVE, OZNAKA_NASELJENOG_MESTA, IME_NASELJENOG_MESTA) values (13, 2, 'PG1J4QW9JYYCYPYIN7T8PLYDG403RT');

insert into NASELJENO_MESTO (OZNAKA_DRZAVE, OZNAKA_NASELJENOG_MESTA, IME_NASELJENOG_MESTA) values (0, 8, 'S6IWATTHLBLSEJTLVJDVS8GHFKS0K6');

insert into PREDUZECE (PIB, OZNAKA_DRZAVE, OZNAKA_NASELJENOG_MESTA, NAZIV_PREDUZECA, ADRESA, TELEFON) values (8, 16, 3, 'LCO0JMS0SYBV37N28 QGVUKXDD9DHW', 'IQ8Q8LB95 WTPCPM67JCAK0GWF D9X', 'H8MEKCE6X BV3QP8BNTLL5V2YRTBFQ');

insert into PREDUZECE (PIB, OZNAKA_DRZAVE, OZNAKA_NASELJENOG_MESTA, NAZIV_PREDUZECA, ADRESA, TELEFON) values (4, 9, 19, 'BFBUWO2K56JBD8N9NILEE2QA3I5W5Y', 'KGOSPL9NBFV486G2SOAP2Y7F1S6WCK', 'S869ADW 32RLQ9QVI6HRNYB4AYRPRQ');

insert into PREDUZECE (PIB, OZNAKA_DRZAVE, OZNAKA_NASELJENOG_MESTA, NAZIV_PREDUZECA, ADRESA, TELEFON) values (6, 7, 6, 'XFBYOPTX0REJ0I36FLWB4W9VTIM3XH', 'KR18180V4QKHRCNAUY3UP9 H32VNAK', 'J9163JCORLVX0A3G29WY7QIYSYE PI');

insert into PREDUZECE (PIB, OZNAKA_DRZAVE, OZNAKA_NASELJENOG_MESTA, NAZIV_PREDUZECA, ADRESA, TELEFON) values (10, 18, 7, 'R9WK6XH INYI  USWW5C5ALA4M6SKN', '10P7YJ1YP6DFPXJPAYUBXERCA6KSQF', 'V702S4H0 HAU ENUCAFQJMC28SJQF4');

insert into PREDUZECE (PIB, OZNAKA_DRZAVE, OZNAKA_NASELJENOG_MESTA, NAZIV_PREDUZECA, ADRESA, TELEFON) values (2, 1, 15, 'YMMTWX6TK9KHB2BNV HC5P4H0W9UFF', 'AJ4L9VU3TXABQTO2M797L01IECXIHF', 'AO13V AMVBLWCFGIXXVYGMLW3LEY6P');

insert into PREDUZECE (PIB, OZNAKA_DRZAVE, OZNAKA_NASELJENOG_MESTA, NAZIV_PREDUZECA, ADRESA, TELEFON) values (19, 11, 3, '9GNFO158HC1MVU TM 0I2AIUGAHM9U', 'DCWTNIYVME424F3HWX1 ICDEJ05SO7', 'T SNAH3DMK M UD2CK7OEFGC6QOSYT');

insert into PREDUZECE (PIB, OZNAKA_DRZAVE, OZNAKA_NASELJENOG_MESTA, NAZIV_PREDUZECA, ADRESA, TELEFON) values (9, 17, 12, 'VRX5HJC0F86J1PSYN14NF778T1OCAT', 'QEUBIKJ7OUMPCCGXGN6DI5YYOEXLB5', '362JNB27AOV2MMA1LMH4 T3IC99FKK');

insert into PREDUZECE (PIB, OZNAKA_DRZAVE, OZNAKA_NASELJENOG_MESTA, NAZIV_PREDUZECA, ADRESA, TELEFON) values (12, 5, 11, '8QH6PI83DOAM8OYO3SJ6UPDHVHGJ9N', 'BCGLN25VNEDXK4LUIH1XP1FVCY2G5P', 'CE9FH0G59 PB JTI4YSUO1YKIRQWSJ');

insert into PREDUZECE (PIB, OZNAKA_DRZAVE, OZNAKA_NASELJENOG_MESTA, NAZIV_PREDUZECA, ADRESA, TELEFON) values (7, 15, 19, 'WFMDV2LQOTYQV8KCB8X3OMUCACG5DO', 'SYH9WGQ6IYP6BVLFMKC26K4BRAEHAJ', 'BGBNASCV 537BQROQ2GUFLOHXNNGWO');

insert into PREDUZECE (PIB, OZNAKA_DRZAVE, OZNAKA_NASELJENOG_MESTA, NAZIV_PREDUZECA, ADRESA, TELEFON) values (3, 1, 19, 'HDWX9GBVL6WWON WYETMVHLU07R9Q2', 'JK4SQJJ EVY CRSW99RL0YDBEE8OP0', 'HWOF25HMSW3VB4OF0GQKQRMS1UWEVR');

insert into PREDUZECE (PIB, OZNAKA_DRZAVE, OZNAKA_NASELJENOG_MESTA, NAZIV_PREDUZECA, ADRESA, TELEFON) values (13, 16, 9, '8QN00BFEQ2JK03JP3E408KW7KA42J9', 'B4V6J9H2XOCAG74TARH232DNAF0A68', 'P54LK28CTBW7WBXP1 E48SQI5AAT0N');

insert into PREDUZECE (PIB, OZNAKA_DRZAVE, OZNAKA_NASELJENOG_MESTA, NAZIV_PREDUZECA, ADRESA, TELEFON) values (11, 6, 18, 'YXB4WC53TEP46UCOYWCONKKEDGJJW1', 'O PSALS94RTESESA DILQ6PPCXYCGJ', ' JRTB11FUHVBL2L3HSAWG8W4PQH3VF');

insert into PREDUZECE (PIB, OZNAKA_DRZAVE, OZNAKA_NASELJENOG_MESTA, NAZIV_PREDUZECA, ADRESA, TELEFON) values (18, 19, 11, 'IUP5K79GFCIIHL6BEHP4GM2R W3212', 'UG U3N7VHKKQNX3MVPA5IIPM2G7K29', 'KP4IAAKYB59JX3T5KCUW RPLJF8RO4');

insert into PREDUZECE (PIB, OZNAKA_DRZAVE, OZNAKA_NASELJENOG_MESTA, NAZIV_PREDUZECA, ADRESA, TELEFON) values (14, 17, 7, 'YKQ4YXMFRO0M IY14ISU0WX6SLSF8Q', '1QIABGP9LAX42JCSK25GK G5W2B7H2', '3X0HY256B8QCBAW3BDBOBEB8HB24CS');

insert into PREDUZECE (PIB, OZNAKA_DRZAVE, OZNAKA_NASELJENOG_MESTA, NAZIV_PREDUZECA, ADRESA, TELEFON) values (17, 3, 15, 'AHTAFQ6AQ89NB35XO0G7BMJPUB5CEW', 'LY0KW1JJQ7489OJI3S0HU737NUORWO', 'IF7T DGHV3W6TOAADVRVLBMF6Y3RL4');

insert into PREDUZECE (PIB, OZNAKA_DRZAVE, OZNAKA_NASELJENOG_MESTA, NAZIV_PREDUZECA, ADRESA, TELEFON) values (16, 9, 14, 'FX7EX7YR5 S5I8UCA4U6MJX98MW1EI', '2WBIF31WE0MJSUB0UC57PASM4FJERP', 'HSC0C 7C0RPQJ9AERWJYR57YUV3MRM');

insert into PREDUZECE (PIB, OZNAKA_DRZAVE, OZNAKA_NASELJENOG_MESTA, NAZIV_PREDUZECA, ADRESA, TELEFON) values (5, 2, 4, 'GPMVBFMIVW5KEN7NAM48C6UWPOLOKE', 'YRRV2HR7N0K3WU11KYSX1 BRJFRHS6', 'EXIGAYJINVHPFSFB 7T7CYUY6TJF8X');

insert into PREDUZECE (PIB, OZNAKA_DRZAVE, OZNAKA_NASELJENOG_MESTA, NAZIV_PREDUZECA, ADRESA, TELEFON) values (15, 14, 19, '2COOV6RN9S74KWVUJ8B47TPQIB10PY', 'BQC8A2W1VH1MMC99QI4C1IBFXX9D1J', 'KTVINB1CRSCY2XLYLEUEW4BHDBNOLK');

insert into PREDUZECE (PIB, OZNAKA_DRZAVE, OZNAKA_NASELJENOG_MESTA, NAZIV_PREDUZECA, ADRESA, TELEFON) values (0, 18, 1, '9OG9M4W28GHAGTMNBBG3TPBW94FD Q', '63WGH BT1T1E702JKH4RS45JTI0KR7', 'EMILMFKNYBVHL5DRC1 X2QUCM5OIXW');

insert into PREDUZECE (PIB, OZNAKA_DRZAVE, OZNAKA_NASELJENOG_MESTA, NAZIV_PREDUZECA, ADRESA, TELEFON) values (1, 6, 13, 'DVEQSH9M0ORAWECDT1YXKMKSWONCU7', 'X2MLF8HXDRS0Y4TF9RVNU205OTFOGA', 'DJ4HIGCPAK22MJQIHCJUHIYKXB6O07');

insert into MAGACIN (PIB, OZNAKA_MAGACINA, NAZIV_MAGACINA) values (8, 0, 'EFSE1ORLW7F007S8V21D9GSPUIIA4C');

insert into MAGACIN (PIB, OZNAKA_MAGACINA, NAZIV_MAGACINA) values (4, 4, '4OL6MI23AVPJRHP0PB6PG1IIMMAHAD');

insert into MAGACIN (PIB, OZNAKA_MAGACINA, NAZIV_MAGACINA) values (6, 16, '70AFAHK0J983KBRV0JD8N06QY6SPNG');

insert into MAGACIN (PIB, OZNAKA_MAGACINA, NAZIV_MAGACINA) values (10, 10, 'QGGY4HC0VLNYFS0AK X8S7R LJLSN5');

insert into MAGACIN (PIB, OZNAKA_MAGACINA, NAZIV_MAGACINA) values (2, 6, 'JWP54NK8S 1R50PTPMPB1IWT12IA2O');

insert into MAGACIN (PIB, OZNAKA_MAGACINA, NAZIV_MAGACINA) values (19, 19, 'GHOSHX6KHCS44QKARCH478MUHW9B2P');

insert into MAGACIN (PIB, OZNAKA_MAGACINA, NAZIV_MAGACINA) values (9, 9, 'M8DH0NQ 66LUNRJL M7RB3FVJS8KB8');

insert into MAGACIN (PIB, OZNAKA_MAGACINA, NAZIV_MAGACINA) values (12, 17, 'X59SF7LKJBD1L VO156YKSEA62EVS8');

insert into MAGACIN (PIB, OZNAKA_MAGACINA, NAZIV_MAGACINA) values (7, 13, 'AX3WLTM N3FQNO1929V0M88EY4LJFO');

insert into MAGACIN (PIB, OZNAKA_MAGACINA, NAZIV_MAGACINA) values (3, 7, '8G2I0AHDCA HVO18RL FEUS77S4EKK');

insert into MAGACIN (PIB, OZNAKA_MAGACINA, NAZIV_MAGACINA) values (13, 5, 'W9SJY17U FHSKX4FMI1PAHSFHXJX1S');

insert into MAGACIN (PIB, OZNAKA_MAGACINA, NAZIV_MAGACINA) values (11, 2, 'W3SMPYKJEOY1PLQ7 K8ENE29J8GXKM');

insert into MAGACIN (PIB, OZNAKA_MAGACINA, NAZIV_MAGACINA) values (18, 1, 'FI0P6BDUPNYVHC  RQLXFCDH95S749');

insert into MAGACIN (PIB, OZNAKA_MAGACINA, NAZIV_MAGACINA) values (14, 14, '8B598PFC3KGHP89F6M3FI9GW0Y1202');

insert into MAGACIN (PIB, OZNAKA_MAGACINA, NAZIV_MAGACINA) values (17, 18, 'J3DS76A4OQ0T RTFNH3CCPNX9K66LG');

insert into MAGACIN (PIB, OZNAKA_MAGACINA, NAZIV_MAGACINA) values (16, 12, '4CDLO0R ATLI8LMOYUOOFC9JC8CXFR');

insert into MAGACIN (PIB, OZNAKA_MAGACINA, NAZIV_MAGACINA) values (5, 3, 'EAGDYYVB7WSEMSR5W 3N17S1SFD4 K');

insert into MAGACIN (PIB, OZNAKA_MAGACINA, NAZIV_MAGACINA) values (15, 8, '6L02P6CFGA0PRARNJYHYOV1DO6YEUG');

insert into MAGACIN (PIB, OZNAKA_MAGACINA, NAZIV_MAGACINA) values (0, 11, '04UT6U1O59WSTPKMQ9BW5DK8OEHR11');

insert into MAGACIN (PIB, OZNAKA_MAGACINA, NAZIV_MAGACINA) values (1, 15, 'BRY9NWS7YGPQLYGPXEWSV0WMY9LLK2');

insert into POSLOVNA_GODINA (GODINA, AKTIVNA) values ('    ', 1);

insert into POSLOVNA_GODINA (GODINA, AKTIVNA) values ('   0', 18);

insert into POSLOVNA_GODINA (GODINA, AKTIVNA) values ('   1', 15);

insert into POSLOVNA_GODINA (GODINA, AKTIVNA) values ('   2', 6);

insert into POSLOVNA_GODINA (GODINA, AKTIVNA) values ('   3', 9);

insert into POSLOVNA_GODINA (GODINA, AKTIVNA) values ('   4', 11);

insert into POSLOVNA_GODINA (GODINA, AKTIVNA) values ('   5', 17);

insert into POSLOVNA_GODINA (GODINA, AKTIVNA) values ('   6', 4);

insert into POSLOVNA_GODINA (GODINA, AKTIVNA) values ('   7', 2);

insert into POSLOVNA_GODINA (GODINA, AKTIVNA) values ('   8', 14);

insert into POSLOVNA_GODINA (GODINA, AKTIVNA) values ('   9', 0);

insert into POSLOVNA_GODINA (GODINA, AKTIVNA) values ('   A', 5);

insert into POSLOVNA_GODINA (GODINA, AKTIVNA) values ('   B', 3);

insert into POSLOVNA_GODINA (GODINA, AKTIVNA) values ('   C', 13);

insert into POSLOVNA_GODINA (GODINA, AKTIVNA) values ('   D', 19);

insert into POSLOVNA_GODINA (GODINA, AKTIVNA) values ('   E', 7);

insert into POSLOVNA_GODINA (GODINA, AKTIVNA) values ('   F', 10);

insert into POSLOVNA_GODINA (GODINA, AKTIVNA) values ('   G', 12);

insert into POSLOVNA_GODINA (GODINA, AKTIVNA) values ('   H', 16);

insert into POSLOVNA_GODINA (GODINA, AKTIVNA) values ('   I', 8);

insert into POSLOVNI_PARTNER (PIB, PIB_PARTNERA) values (8, 8);

insert into POSLOVNI_PARTNER (PIB, PIB_PARTNERA) values (4, 15);

insert into POSLOVNI_PARTNER (PIB, PIB_PARTNERA) values (6, 9);

insert into POSLOVNI_PARTNER (PIB, PIB_PARTNERA) values (10, 11);

insert into POSLOVNI_PARTNER (PIB, PIB_PARTNERA) values (2, 7);

insert into POSLOVNI_PARTNER (PIB, PIB_PARTNERA) values (19, 1);

insert into POSLOVNI_PARTNER (PIB, PIB_PARTNERA) values (9, 4);

insert into POSLOVNI_PARTNER (PIB, PIB_PARTNERA) values (12, 10);

insert into POSLOVNI_PARTNER (PIB, PIB_PARTNERA) values (7, 6);

insert into POSLOVNI_PARTNER (PIB, PIB_PARTNERA) values (3, 13);

insert into POSLOVNI_PARTNER (PIB, PIB_PARTNERA) values (13, 16);

insert into POSLOVNI_PARTNER (PIB, PIB_PARTNERA) values (11, 19);

insert into POSLOVNI_PARTNER (PIB, PIB_PARTNERA) values (18, 14);

insert into POSLOVNI_PARTNER (PIB, PIB_PARTNERA) values (14, 18);

insert into POSLOVNI_PARTNER (PIB, PIB_PARTNERA) values (17, 3);

insert into POSLOVNI_PARTNER (PIB, PIB_PARTNERA) values (16, 0);

insert into POSLOVNI_PARTNER (PIB, PIB_PARTNERA) values (5, 2);

insert into POSLOVNI_PARTNER (PIB, PIB_PARTNERA) values (15, 12);

insert into POSLOVNI_PARTNER (PIB, PIB_PARTNERA) values (0, 5);

insert into POSLOVNI_PARTNER (PIB, PIB_PARTNERA) values (1, 17);

insert into POPISNI_DOKUMENT (GODINA, REDNI_BROJ_POPISA, DATUM_POPISA, STATUS) values ('    ', 16, '571-10-26', 6);

insert into POPISNI_DOKUMENT (GODINA, REDNI_BROJ_POPISA, DATUM_POPISA, STATUS) values ('   0', 2, '1710-1-17', 18);

insert into POPISNI_DOKUMENT (GODINA, REDNI_BROJ_POPISA, DATUM_POPISA, STATUS) values ('   1', 1, '104-7-19', 16);

insert into POPISNI_DOKUMENT (GODINA, REDNI_BROJ_POPISA, DATUM_POPISA, STATUS) values ('   2', 3, '627-8-23', 9);

insert into POPISNI_DOKUMENT (GODINA, REDNI_BROJ_POPISA, DATUM_POPISA, STATUS) values ('   3', 8, '295-6-1', 17);

insert into POPISNI_DOKUMENT (GODINA, REDNI_BROJ_POPISA, DATUM_POPISA, STATUS) values ('   4', 13, '1424-11-1', 5);

insert into POPISNI_DOKUMENT (GODINA, REDNI_BROJ_POPISA, DATUM_POPISA, STATUS) values ('   5', 0, '416-2-12', 14);

insert into POPISNI_DOKUMENT (GODINA, REDNI_BROJ_POPISA, DATUM_POPISA, STATUS) values ('   6', 19, '1582-8-9', 4);

insert into POPISNI_DOKUMENT (GODINA, REDNI_BROJ_POPISA, DATUM_POPISA, STATUS) values ('   7', 5, '1-1-1', 12);

insert into POPISNI_DOKUMENT (GODINA, REDNI_BROJ_POPISA, DATUM_POPISA, STATUS) values ('   8', 9, '1063-10-7', 8);

insert into POPISNI_DOKUMENT (GODINA, REDNI_BROJ_POPISA, DATUM_POPISA, STATUS) values ('   9', 11, '1793-5-22', 2);

insert into POPISNI_DOKUMENT (GODINA, REDNI_BROJ_POPISA, DATUM_POPISA, STATUS) values ('   A', 6, '220-2-3', 1);

insert into POPISNI_DOKUMENT (GODINA, REDNI_BROJ_POPISA, DATUM_POPISA, STATUS) values ('   B', 7, '916-10-13', 11);

insert into POPISNI_DOKUMENT (GODINA, REDNI_BROJ_POPISA, DATUM_POPISA, STATUS) values ('   C', 14, '520-7-9', 13);

insert into POPISNI_DOKUMENT (GODINA, REDNI_BROJ_POPISA, DATUM_POPISA, STATUS) values ('   D', 12, '985-3-14', 7);

insert into POPISNI_DOKUMENT (GODINA, REDNI_BROJ_POPISA, DATUM_POPISA, STATUS) values ('   E', 10, '773-5-20', 19);

insert into POPISNI_DOKUMENT (GODINA, REDNI_BROJ_POPISA, DATUM_POPISA, STATUS) values ('   F', 17, '1358-4-11', 0);

insert into POPISNI_DOKUMENT (GODINA, REDNI_BROJ_POPISA, DATUM_POPISA, STATUS) values ('   G', 4, '1513-10-23', 10);

insert into POPISNI_DOKUMENT (GODINA, REDNI_BROJ_POPISA, DATUM_POPISA, STATUS) values ('   H', 15, '1294-3-18', 3);

insert into POPISNI_DOKUMENT (GODINA, REDNI_BROJ_POPISA, DATUM_POPISA, STATUS) values ('   I', 18, '1203-11-10', 15);

insert into MERNA_JEDINICA (ID_MERNE_JEDINICE, OZNAKA_MERNE_JEDINICE, NAZIV_MERNE_JEDINICE) values (12, 'VSKYBSE9X9', 'LGDY6DXUDCCANIBLFXAYBVDI6');

insert into MERNA_JEDINICA (ID_MERNE_JEDINICE, OZNAKA_MERNE_JEDINICE, NAZIV_MERNE_JEDINICE) values (7, 'F2NNNF99AE', '0C7PREU7P5UULLVCRA3SBK5L7');

insert into MERNA_JEDINICA (ID_MERNE_JEDINICE, OZNAKA_MERNE_JEDINICE, NAZIV_MERNE_JEDINICE) values (11, '6KUO3M24YG', 'WFS4K1HXFRY05IAIENNUQPG9I');

insert into MERNA_JEDINICA (ID_MERNE_JEDINICE, OZNAKA_MERNE_JEDINICE, NAZIV_MERNE_JEDINICE) values (3, '2 2JPQ7UX7', 'JL8HY83JCDO4RDRUWRQ20R8FR');

insert into MERNA_JEDINICA (ID_MERNE_JEDINICE, OZNAKA_MERNE_JEDINICE, NAZIV_MERNE_JEDINICE) values (5, 'F6GLJEM4OB', 'KJH2Q2L154OCOWFAL4ETM9OMC');

insert into MERNA_JEDINICA (ID_MERNE_JEDINICE, OZNAKA_MERNE_JEDINICE, NAZIV_MERNE_JEDINICE) values (15, 'JM5QJN2EQ1', 'JHJB7EYPIFGTE39SC8GU2O45O');

insert into MERNA_JEDINICA (ID_MERNE_JEDINICE, OZNAKA_MERNE_JEDINICE, NAZIV_MERNE_JEDINICE) values (16, 'HHD7FC59I4', '74T6W81M738TE5B8K91JG3WVK');

insert into MERNA_JEDINICA (ID_MERNE_JEDINICE, OZNAKA_MERNE_JEDINICE, NAZIV_MERNE_JEDINICE) values (10, '532S4VPDI7', '4EXDYV PC1AFBENCGFHFOVL9H');

insert into MERNA_JEDINICA (ID_MERNE_JEDINICE, OZNAKA_MERNE_JEDINICE, NAZIV_MERNE_JEDINICE) values (6, 'Q7FULCXLOE', 'ES0T35L0KYE8U9H04F0P2UH6I');

insert into MERNA_JEDINICA (ID_MERNE_JEDINICE, OZNAKA_MERNE_JEDINICE, NAZIV_MERNE_JEDINICE) values (0, '4RY0FF5V48', 'OD1Y5B2JG0V56JKBLNL59KCJF');

insert into MERNA_JEDINICA (ID_MERNE_JEDINICE, OZNAKA_MERNE_JEDINICE, NAZIV_MERNE_JEDINICE) values (19, 'NRUTFIFE25', 'EKW0LKQU249WYMQYL2YG307CW');

insert into MERNA_JEDINICA (ID_MERNE_JEDINICE, OZNAKA_MERNE_JEDINICE, NAZIV_MERNE_JEDINICE) values (9, 'W0NCUL4ISJ', '25BCEF76AVE2Q0I6 RDRKXMVG');

insert into MERNA_JEDINICA (ID_MERNE_JEDINICE, OZNAKA_MERNE_JEDINICE, NAZIV_MERNE_JEDINICE) values (17, '5BC213AMKB', 'K2DCGRRWB6L0KLVM5TOMX8D2H');

insert into MERNA_JEDINICA (ID_MERNE_JEDINICE, OZNAKA_MERNE_JEDINICE, NAZIV_MERNE_JEDINICE) values (1, '1DBG50 BF7', 'NQ5RYSD7LTC0DTMB7LRCMWH O');

insert into MERNA_JEDINICA (ID_MERNE_JEDINICE, OZNAKA_MERNE_JEDINICE, NAZIV_MERNE_JEDINICE) values (18, 'QUS4PDOIGX', 'MUPL42LCBDHC7HA6BMESK1VAW');

insert into MERNA_JEDINICA (ID_MERNE_JEDINICE, OZNAKA_MERNE_JEDINICE, NAZIV_MERNE_JEDINICE) values (8, 'CBYE0UYW8 ', '1W8K7USHW75WVJLA 0BWNAE8G');

insert into MERNA_JEDINICA (ID_MERNE_JEDINICE, OZNAKA_MERNE_JEDINICE, NAZIV_MERNE_JEDINICE) values (13, '7KB6YXS6TW', 'UME90UK1 E6BDNA0 M1ST3YJW');

insert into MERNA_JEDINICA (ID_MERNE_JEDINICE, OZNAKA_MERNE_JEDINICE, NAZIV_MERNE_JEDINICE) values (14, 'X57TOO43JO', 'EL2YI706JKORS1PY6SMB4F77L');

insert into MERNA_JEDINICA (ID_MERNE_JEDINICE, OZNAKA_MERNE_JEDINICE, NAZIV_MERNE_JEDINICE) values (4, 'UNT3C24GKN', '80M PIADOD69E4VQ354HRTTDY');

insert into MERNA_JEDINICA (ID_MERNE_JEDINICE, OZNAKA_MERNE_JEDINICE, NAZIV_MERNE_JEDINICE) values (2, '2XRWDX9XA4', 'N6UY26FHT3XCNKSLT9CFG UWM');

insert into ZAPOSLENI (PIB, JMBG, IME, PREZIME, ADRESA) values (8, 14, 'JGB8UELGRG0LS2J XEANCUUK2YFMR9', '14C7ORN1982E8W984O0JTMK6T75TD0', '1O95GE9CP9E19XQJ4TK2F4XV6SDRH1');

insert into ZAPOSLENI (PIB, JMBG, IME, PREZIME, ADRESA) values (4, 8, 'K8MFFQKCBXG27QOO24VUSR SHUS6YA', 'NKP334AIND2DC90RDKM64KKI8ISBRM', ' HE4WSMS9HOHE1FKUKHEHQM MJPO6S');

insert into ZAPOSLENI (PIB, JMBG, IME, PREZIME, ADRESA) values (6, 5, 'H50GYUK77 D0I KVOMYBA7FJ 8MBR ', 'GP5WG S15TXFBAODIY5XXH15GJXDGQ', '5M0D8VB1 D9X0WRYOAI9UT84CAAPQK');

insert into ZAPOSLENI (PIB, JMBG, IME, PREZIME, ADRESA) values (10, 2, 'FRJR7NKVFUETN9M7DM8QT0WL9AXSRQ', 'O3MQ28UA3D771PSXQ3Y CBA3QSBFTI', 'M4B3V6X44CKCYSIIU1KP98O12JW6LL');

insert into ZAPOSLENI (PIB, JMBG, IME, PREZIME, ADRESA) values (2, 13, ' RY5UMT2WHCWMJ8NYJGNO7CAUTX78C', 'RND3K579TE8M8IP6QVSSIMVAF6QXX4', 'LO7EEJK7YMDU2WXJ1SDBBEKDIKQ2CW');

insert into ZAPOSLENI (PIB, JMBG, IME, PREZIME, ADRESA) values (19, 9, 'JFRQ6M6IOJSG9OB4CS2KDKAHHQNLQL', '7656 IXGKCSE59 UVGPKTU8YRUDRC6', '2URTX1H2 Y NFJSBPXPRIJT0RU4HDK');

insert into ZAPOSLENI (PIB, JMBG, IME, PREZIME, ADRESA) values (9, 1, 'A0S7WUHCAKREGBWHRXEQXMA28C8EAA', 'WWL8F2987B99J7DW1MKKR9EO4A9MNM', 'AQ6AW8267U 7T076QUOXP0UAK654DB');

insert into ZAPOSLENI (PIB, JMBG, IME, PREZIME, ADRESA) values (12, 6, 'OTE9FGJUWJS57HJCHN7HW5XV1WLQUY', 'F0UAL S O8UPMD8G41XI14AXUS09RQ', 'HP3 B3USGT 193G2VBKT7THNAYSMWW');

insert into ZAPOSLENI (PIB, JMBG, IME, PREZIME, ADRESA) values (7, 17, 'XUV5MW7SEDY4CRUVS55D8914VFNE3V', '4BJ2830CV99H4X2KHMCC3HLA4C0MPS', 'C72UPXPOIT9PSUF  M38KJH7I98MA1');

insert into ZAPOSLENI (PIB, JMBG, IME, PREZIME, ADRESA) values (3, 16, 'CWIXAL98VINSTADQVHYNRVVU1O3L27', 'SS38WYGGTOP4U CH88BYHFVRTRH1IP', '287RE9S LR090CAI0JQ4Y2PFNXJ1G9');

insert into ZAPOSLENI (PIB, JMBG, IME, PREZIME, ADRESA) values (13, 19, '45COOOCX0VLCR4J4I2G92VHWGICPOD', 'W100BFCCSQ2YPHRRL8WC4HT IWDO1F', 'L8NFC4AVLH0BOHP2UCHO3IVNMVR4DN');

insert into ZAPOSLENI (PIB, JMBG, IME, PREZIME, ADRESA) values (11, 18, 'X872QBH67WYY56AXMHE5SWDACNF1TV', 'KM5HA3UVGWFL1NQ24VXA EQY5O4O3T', '5JTXI0A2WI3W NXGQYFK6MP7PNJ9R6');

insert into ZAPOSLENI (PIB, JMBG, IME, PREZIME, ADRESA) values (18, 7, 'T8YC 5AOF8O8 WHF7L5ALL7JL2 G6J', 'SJ3X0WLA98CCH 6R0FMGB JDC008S6', '2BWXT IVOQRPUMDAAPWVNLBVA8RJE5');

insert into ZAPOSLENI (PIB, JMBG, IME, PREZIME, ADRESA) values (14, 10, 'HF8GMHW5W8DF8Q GO3TAXFJC8YS6PL', 'YF7CL8UA5DF0VFY40S8SMLM2UTL JG', 'GSSTPP18A5DXUS6613L6DGTQ27R4OI');

insert into ZAPOSLENI (PIB, JMBG, IME, PREZIME, ADRESA) values (17, 15, '0BI0Y21KD4P0L31AOL1NYYCWKKKDGE', 'HR5C5IA7 Y8MPEJXQIBTFA6HLG9SJ0', 'TYOYTD WMJH9CXKUX2N5OHT6XEIP7W');

insert into ZAPOSLENI (PIB, JMBG, IME, PREZIME, ADRESA) values (16, 11, 'HG527YHXXMPEXGUGWQQLW4RBJPXQ K', 'J413XUWH1HMIAWUHHNPYXG1QYBWCCW', 'HN1VRWTG3UP2V9W9WILUT336KYE6Y5');

insert into ZAPOSLENI (PIB, JMBG, IME, PREZIME, ADRESA) values (5, 0, 'HAYDPO31OLRM3M O7D8XP1V2UV6VTN', 'L1J293TU2IDUXU0L 1HGJIXT SBA5B', 'VNI38CLUXXL1NSOEL3KVG4Y6TY2KU0');

insert into ZAPOSLENI (PIB, JMBG, IME, PREZIME, ADRESA) values (15, 3, 'HV84DSNCSKTJJNONE77L5V1ROK6WQG', 'SAMQN4T EORMFYX34KNP26WJHKIV8O', 'T6T4B1JKUNBBF57FUOFQ86PBI67HY0');

insert into ZAPOSLENI (PIB, JMBG, IME, PREZIME, ADRESA) values (0, 4, 'BA74D2O5YL3DLV0QHOX6PMGG6W684H', 'S5HNVNM6A8GBHN2MIOL9UU9QAOYWB5', 'YMYNN86T8XJILXTMFYF1 QF4JE X U');

insert into ZAPOSLENI (PIB, JMBG, IME, PREZIME, ADRESA) values (1, 12, '7JC0FO1YHXF5 V5KL1F5E83QIPCUF8', 'DR8VF40 Y66NX635QNKCHMVMW37TVH', '8I51GLITUIAWJVJNIM1HHLX708NBPK');

insert into KORISNIK (PIB, JMBG, IME_NALOGA, LOZINKA_NALOGA) values (8, 14, 'BWVCWA3PT1Y06X97X5HP8H6VU6SBAA', 'OL5R4Y WE6ICJWRIAX36 EGDUQY5XU');

insert into KORISNIK (PIB, JMBG, IME_NALOGA, LOZINKA_NALOGA) values (4, 8, '8HFPOBL6IC55BD39ASL9AT V6QMHXB', 'QEW54NFD2JD3TBT27LQM 3T959XRR5');

insert into KORISNIK (PIB, JMBG, IME_NALOGA, LOZINKA_NALOGA) values (6, 5, 'FQVH5SBND5LIKA6QM9YJR7YIRKPKTW', 'H5Q73I93N3 BY4BC N  I8GFP57RSB');

insert into KORISNIK (PIB, JMBG, IME_NALOGA, LOZINKA_NALOGA) values (10, 2, 'XBNG07AYP2E05X1IFM8P8NWOLIQI8B', ' O1RWUU94S2LNTNUCNFUTKFNXCD4M8');

insert into KORISNIK (PIB, JMBG, IME_NALOGA, LOZINKA_NALOGA) values (2, 13, 'OWHGXTOM3S99QS6V3SMPBLBYX42KVX', 'Q 92V1MD4QVEUL25FPWME1QNLOD1GL');

insert into KORISNIK (PIB, JMBG, IME_NALOGA, LOZINKA_NALOGA) values (19, 9, '9KTR1U4I5B5M71CWU4JRXL8AHQ8UVF', 'JJC1XM8IFGA4DO24GXLWMK3YU6MTHR');

insert into KORISNIK (PIB, JMBG, IME_NALOGA, LOZINKA_NALOGA) values (9, 1, '4CKDBMKL HUCJMD530G0NW9 6B8UHT', 'H671QLXR82273A3CPG6CYGRWLKEJHD');

insert into KORISNIK (PIB, JMBG, IME_NALOGA, LOZINKA_NALOGA) values (12, 6, '6Y9I1ANAR 7 8AOQ6GR HF3F4L9K6M', 'KRVU2QAIWUXSCCRY87M6S3N391X6UP');

insert into KORISNIK (PIB, JMBG, IME_NALOGA, LOZINKA_NALOGA) values (7, 17, 'WWQX1JOHNE 6DI3AEMSS02IRYFN4J8', 'JGME0SR1XG2B93A3VLJ3O5XD8ERFXC');

insert into KORISNIK (PIB, JMBG, IME_NALOGA, LOZINKA_NALOGA) values (3, 16, '3YYO0A4RQLNE7GYU910TY2GRBWPNOD', 'R5MW9X3I XXWDO3Q26FGJUJIF PPHK');

insert into KORISNIK (PIB, JMBG, IME_NALOGA, LOZINKA_NALOGA) values (13, 19, 'YQXCOJ5W TITBG32B3QP3K66KUVB7Q', 'FVWWXETSBSO W0FE5M WTMBBTO96F3');

insert into KORISNIK (PIB, JMBG, IME_NALOGA, LOZINKA_NALOGA) values (11, 18, 'P5BRSOELXO3LJUPK DTMQ1SWJ3QB9 ', 'CX5V5H1D8BPPW8 UF 42J2UVOG1DLS');

insert into KORISNIK (PIB, JMBG, IME_NALOGA, LOZINKA_NALOGA) values (18, 7, 'T0VAECXHVUQNUBI CHTQL0JAJORRAK', '6GX3PSL0Y03 ALV8N4B1LJC1QU27LJ');

insert into KORISNIK (PIB, JMBG, IME_NALOGA, LOZINKA_NALOGA) values (14, 10, 'OG6NYMVRQSA OQGG7 5R7HS9O88IB8', 'Q65IGMM9F25BO7V2Y5SHM5 X8O3VIH');

insert into KORISNIK (PIB, JMBG, IME_NALOGA, LOZINKA_NALOGA) values (17, 15, 'F7KQEKF29JR59JI12QM5EPG1FIR75R', 'VH48YOS4B90TE3WIA2PMP8KWRB3D 7');

insert into KORISNIK (PIB, JMBG, IME_NALOGA, LOZINKA_NALOGA) values (16, 11, '7K94HG0HDJ2KSNQRLKT8WCSFHVFAL1', 'UD1QCCL7H851WWYVCE8QTT3H0 4133');

insert into KORISNIK (PIB, JMBG, IME_NALOGA, LOZINKA_NALOGA) values (5, 0, 'YN7RTH4NYXK1MYMW3Q0FM9BXIUWFLB', 'TPEUA48HH4QMB4QJG 8F8J4G36H1CT');

insert into KORISNIK (PIB, JMBG, IME_NALOGA, LOZINKA_NALOGA) values (15, 3, '56S3N01RD1I5FIA4D17AGREFBT1KX9', 'FAF6A0NRN4F8D009EHXLH6UAMS704U');

insert into KORISNIK (PIB, JMBG, IME_NALOGA, LOZINKA_NALOGA) values (0, 4, 'PPJG4VMERO8RF61 6P5R72BOXKJHB2', 'HLK 237Y20O9N2X3AMU UKLAHXGKDE');

insert into KORISNIK (PIB, JMBG, IME_NALOGA, LOZINKA_NALOGA) values (1, 12, 'IUCP0DWGS3PAXIUW5IEQCBQHKFWWPT', 'T3JJ2OEQISELLGR1KN2I9U1LSCEU 4');

insert into TIP_KORISNIKA (OZNAKA_TIPA, NAZIV_TIPA) values (6, 'YEMTBHRGK7');

insert into TIP_KORISNIKA (OZNAKA_TIPA, NAZIV_TIPA) values (7, '012EHN8L15');

insert into TIP_KORISNIKA (OZNAKA_TIPA, NAZIV_TIPA) values (9, 'R73RHJ529O');

insert into TIP_KORISNIKA (OZNAKA_TIPA, NAZIV_TIPA) values (5, '02BATD1J0K');

insert into TIP_KORISNIKA (OZNAKA_TIPA, NAZIV_TIPA) values (0, 'TEUD1E8SHT');

insert into TIP_KORISNIKA (OZNAKA_TIPA, NAZIV_TIPA) values (1, '2SJXTX9XW7');

insert into TIP_KORISNIKA (OZNAKA_TIPA, NAZIV_TIPA) values (4, '536SY0HQVF');

insert into TIP_KORISNIKA (OZNAKA_TIPA, NAZIV_TIPA) values (3, '19IIA0IOQL');

insert into TIP_KORISNIKA (OZNAKA_TIPA, NAZIV_TIPA) values (8, 'TPN0VBK 6D');

insert into TIP_KORISNIKA (OZNAKA_TIPA, NAZIV_TIPA) values (2, 'G7F7J5BH1P');

insert into TIP_KORISNIKA (OZNAKA_TIPA, NAZIV_TIPA) values (6, 'RNP54A8OL9');

insert into TIP_KORISNIKA (OZNAKA_TIPA, NAZIV_TIPA) values (7, 'C9Y78PA1F ');

insert into TIP_KORISNIKA (OZNAKA_TIPA, NAZIV_TIPA) values (9, 'I44G9R28IO');

insert into TIP_KORISNIKA (OZNAKA_TIPA, NAZIV_TIPA) values (5, 'YCS6CLUKEC');

insert into TIP_KORISNIKA (OZNAKA_TIPA, NAZIV_TIPA) values (0, 'HKVNB971FE');

insert into TIP_KORISNIKA (OZNAKA_TIPA, NAZIV_TIPA) values (1, 'YM8L4K01BU');

insert into TIP_KORISNIKA (OZNAKA_TIPA, NAZIV_TIPA) values (4, 'AJHY7INRF8');

insert into TIP_KORISNIKA (OZNAKA_TIPA, NAZIV_TIPA) values (3, 'FCMOHK1WSI');

insert into TIP_KORISNIKA (OZNAKA_TIPA, NAZIV_TIPA) values (8, '56 G 4JH5S');

insert into TIP_KORISNIKA (OZNAKA_TIPA, NAZIV_TIPA) values (2, 'QB5VTQRSBQ');

insert into POPISNA_KOMISIJA (PIB, JMBG, GODINA, REDNI_BROJ_POPISA, FUNKICIJA) values (8, 14, '    ', 16, 'SMF  MHPP3VXDCC');

insert into POPISNA_KOMISIJA (PIB, JMBG, GODINA, REDNI_BROJ_POPISA, FUNKICIJA) values (4, 8, '   0', 2, 'TSLV 6DOV95F0D1');

insert into POPISNA_KOMISIJA (PIB, JMBG, GODINA, REDNI_BROJ_POPISA, FUNKICIJA) values (6, 5, '   1', 1, 'Y9740IMMAQJRCC9');

insert into POPISNA_KOMISIJA (PIB, JMBG, GODINA, REDNI_BROJ_POPISA, FUNKICIJA) values (10, 2, '   2', 3, 'OOAX1B08SKTYH0K');

insert into POPISNA_KOMISIJA (PIB, JMBG, GODINA, REDNI_BROJ_POPISA, FUNKICIJA) values (2, 13, '   3', 8, 'F3FE8CT9UFB6YKR');

insert into POPISNA_KOMISIJA (PIB, JMBG, GODINA, REDNI_BROJ_POPISA, FUNKICIJA) values (19, 9, '   4', 13, 'O2XYT7BRKVGEOQ3');

insert into POPISNA_KOMISIJA (PIB, JMBG, GODINA, REDNI_BROJ_POPISA, FUNKICIJA) values (9, 1, '   5', 0, 'BASLDKIM3UY7B3T');

insert into POPISNA_KOMISIJA (PIB, JMBG, GODINA, REDNI_BROJ_POPISA, FUNKICIJA) values (12, 6, '   6', 19, 'LTAL YILIAILIQ7');

insert into POPISNA_KOMISIJA (PIB, JMBG, GODINA, REDNI_BROJ_POPISA, FUNKICIJA) values (7, 17, '   7', 5, 'M 4 VM7TNHQ7ODD');

insert into POPISNA_KOMISIJA (PIB, JMBG, GODINA, REDNI_BROJ_POPISA, FUNKICIJA) values (3, 16, '   8', 9, 'DF0H1WUNAORU0 J');

insert into POPISNA_KOMISIJA (PIB, JMBG, GODINA, REDNI_BROJ_POPISA, FUNKICIJA) values (13, 19, '   9', 11, 'VC28RB FYT5A5II');

insert into POPISNA_KOMISIJA (PIB, JMBG, GODINA, REDNI_BROJ_POPISA, FUNKICIJA) values (11, 18, '   A', 6, 'O2IOCFP5UR9UQ9G');

insert into POPISNA_KOMISIJA (PIB, JMBG, GODINA, REDNI_BROJ_POPISA, FUNKICIJA) values (18, 7, '   B', 7, 'SS66O9BBYAIEOLA');

insert into POPISNA_KOMISIJA (PIB, JMBG, GODINA, REDNI_BROJ_POPISA, FUNKICIJA) values (14, 10, '   C', 14, 'UM4END80JUWT587');

insert into POPISNA_KOMISIJA (PIB, JMBG, GODINA, REDNI_BROJ_POPISA, FUNKICIJA) values (17, 15, '   D', 12, 'L1NFJFJ4R90TAME');

insert into POPISNA_KOMISIJA (PIB, JMBG, GODINA, REDNI_BROJ_POPISA, FUNKICIJA) values (16, 11, '   E', 10, '3CY 1MB29UXWB3A');

insert into POPISNA_KOMISIJA (PIB, JMBG, GODINA, REDNI_BROJ_POPISA, FUNKICIJA) values (5, 0, '   F', 17, '2U53T0JIOTCPW0I');

insert into POPISNA_KOMISIJA (PIB, JMBG, GODINA, REDNI_BROJ_POPISA, FUNKICIJA) values (15, 3, '   G', 4, '4KEPQ36PRDURIVU');

insert into POPISNA_KOMISIJA (PIB, JMBG, GODINA, REDNI_BROJ_POPISA, FUNKICIJA) values (0, 4, '   H', 15, 'OOJ5H32FLG8ALAW');

insert into POPISNA_KOMISIJA (PIB, JMBG, GODINA, REDNI_BROJ_POPISA, FUNKICIJA) values (1, 12, '   I', 18, 'C48E15B PGSXC  ');

insert into ARTIKAL (SIFRA_ARTIKLA, ID_MERNE_JEDINICE, NAZIV_ARTIKLA, VELICINA_PAKOVANJA) values (7, 18, 'XGI0VWTKB01KQO6AQYSB0GIA50ATTE', 2);

insert into ARTIKAL (SIFRA_ARTIKLA, ID_MERNE_JEDINICE, NAZIV_ARTIKLA, VELICINA_PAKOVANJA) values (8, 0, 'G0BGF08K8U 0Y1XTTI0UF2ISQNWLYE', 7);

insert into ARTIKAL (SIFRA_ARTIKLA, ID_MERNE_JEDINICE, NAZIV_ARTIKLA, VELICINA_PAKOVANJA) values (13, 9, 'F6M66RGJL C53XIGJ KJDBY397AA1D', 15);

insert into ARTIKAL (SIFRA_ARTIKLA, ID_MERNE_JEDINICE, NAZIV_ARTIKLA, VELICINA_PAKOVANJA) values (3, 7, '2RLMM6HK9SC3M9L7LF10B2VCRJ0ML4', 5);

insert into ARTIKAL (SIFRA_ARTIKLA, ID_MERNE_JEDINICE, NAZIV_ARTIKLA, VELICINA_PAKOVANJA) values (14, 17, '22OUM4REFMXVNSIAISJAJPS3SELD72', 18);

insert into ARTIKAL (SIFRA_ARTIKLA, ID_MERNE_JEDINICE, NAZIV_ARTIKLA, VELICINA_PAKOVANJA) values (6, 7, '1BOWAGHX6HC6WK74AI5907VYNXIJMB', 0);

insert into ARTIKAL (SIFRA_ARTIKLA, ID_MERNE_JEDINICE, NAZIV_ARTIKLA, VELICINA_PAKOVANJA) values (5, 17, 'XGVENPU4TI2CQ 3JG25KWN45GMH2NB', 19);

insert into ARTIKAL (SIFRA_ARTIKLA, ID_MERNE_JEDINICE, NAZIV_ARTIKLA, VELICINA_PAKOVANJA) values (17, 8, 'DQVG5JR6BETSTBD2 2L5AVFER5LE68', 13);

insert into ARTIKAL (SIFRA_ARTIKLA, ID_MERNE_JEDINICE, NAZIV_ARTIKLA, VELICINA_PAKOVANJA) values (9, 17, 'NNWYVYC8BFD57QFTMACPRY7DKU2OJ9', 14);

insert into ARTIKAL (SIFRA_ARTIKLA, ID_MERNE_JEDINICE, NAZIV_ARTIKLA, VELICINA_PAKOVANJA) values (18, 12, 'D4PRNA4UYQA2C3FUI2BFE5QLUYUTKH', 4);

insert into ARTIKAL (SIFRA_ARTIKLA, ID_MERNE_JEDINICE, NAZIV_ARTIKLA, VELICINA_PAKOVANJA) values (15, 18, 'NF787VFLE2IPUW 52NPEHJ5N4J40ET', 12);

insert into ARTIKAL (SIFRA_ARTIKLA, ID_MERNE_JEDINICE, NAZIV_ARTIKLA, VELICINA_PAKOVANJA) values (2, 11, 'TDTGA5TBGG4JF58BHYCQHJE71558Y4', 6);

insert into ARTIKAL (SIFRA_ARTIKLA, ID_MERNE_JEDINICE, NAZIV_ARTIKLA, VELICINA_PAKOVANJA) values (12, 4, 'O1NXLX3PAYC9E81BY5F04PBGDMVHS4', 10);

insert into ARTIKAL (SIFRA_ARTIKLA, ID_MERNE_JEDINICE, NAZIV_ARTIKLA, VELICINA_PAKOVANJA) values (19, 6, '3762EG7I YK756 6LSLVUIY7JCYEW6', 1);

insert into ARTIKAL (SIFRA_ARTIKLA, ID_MERNE_JEDINICE, NAZIV_ARTIKLA, VELICINA_PAKOVANJA) values (16, 8, 'KS9GL4S4IS9BS1958D7DXE5I1WDRTS', 3);

insert into ARTIKAL (SIFRA_ARTIKLA, ID_MERNE_JEDINICE, NAZIV_ARTIKLA, VELICINA_PAKOVANJA) values (10, 1, 'RJRR1CSXWT0I5F7VJX9XY6W74R8H H', 8);

insert into ARTIKAL (SIFRA_ARTIKLA, ID_MERNE_JEDINICE, NAZIV_ARTIKLA, VELICINA_PAKOVANJA) values (1, 19, 'TIGR8MWLQO88XCP88P8 RXRLKB1W0P', 11);

insert into ARTIKAL (SIFRA_ARTIKLA, ID_MERNE_JEDINICE, NAZIV_ARTIKLA, VELICINA_PAKOVANJA) values (11, 13, 'FMYTHPJ A9M7SU22X F4 N3IHA69G9', 9);

insert into ARTIKAL (SIFRA_ARTIKLA, ID_MERNE_JEDINICE, NAZIV_ARTIKLA, VELICINA_PAKOVANJA) values (4, 0, 'JBNJCJO1VHIOQRTXWGS6J6V BSW833', 17);

insert into ARTIKAL (SIFRA_ARTIKLA, ID_MERNE_JEDINICE, NAZIV_ARTIKLA, VELICINA_PAKOVANJA) values (0, 15, 'H O3IWB B83TRDK84HMA2KFFCT40PM', 16);

insert into MAGACINSKA_KARTICA (SIFRA_ARTIKLA, GODINA, PIB, OZNAKA_MAGACINA, PROSECNA_CENA, POCETNA_KOLICINA, POCENTA_VREDNOST_KOLICINE, KOLICINA_ULAZA, VREDNOST_ULAZA, KOLICINA_IZLAZA, VREDNOST_IZLAZA) values (7, '    ', 8, 0, 12, 16, 2, 12, 14, 9, 19);

insert into MAGACINSKA_KARTICA (SIFRA_ARTIKLA, GODINA, PIB, OZNAKA_MAGACINA, PROSECNA_CENA, POCETNA_KOLICINA, POCENTA_VREDNOST_KOLICINE, KOLICINA_ULAZA, VREDNOST_ULAZA, KOLICINA_IZLAZA, VREDNOST_IZLAZA) values (8, '   0', 4, 4, 7, 12, 5, 4, 0, 15, 18);

insert into MAGACINSKA_KARTICA (SIFRA_ARTIKLA, GODINA, PIB, OZNAKA_MAGACINA, PROSECNA_CENA, POCETNA_KOLICINA, POCENTA_VREDNOST_KOLICINE, KOLICINA_ULAZA, VREDNOST_ULAZA, KOLICINA_IZLAZA, VREDNOST_IZLAZA) values (13, '   1', 6, 16, 11, 4, 13, 3, 4, 19, 14);

insert into MAGACINSKA_KARTICA (SIFRA_ARTIKLA, GODINA, PIB, OZNAKA_MAGACINA, PROSECNA_CENA, POCETNA_KOLICINA, POCENTA_VREDNOST_KOLICINE, KOLICINA_ULAZA, VREDNOST_ULAZA, KOLICINA_IZLAZA, VREDNOST_IZLAZA) values (3, '   2', 10, 10, 8, 13, 4, 10, 11, 3, 3);

insert into MAGACINSKA_KARTICA (SIFRA_ARTIKLA, GODINA, PIB, OZNAKA_MAGACINA, PROSECNA_CENA, POCETNA_KOLICINA, POCENTA_VREDNOST_KOLICINE, KOLICINA_ULAZA, VREDNOST_ULAZA, KOLICINA_IZLAZA, VREDNOST_IZLAZA) values (14, '   3', 2, 6, 4, 14, 3, 1, 15, 5, 7);

insert into MAGACINSKA_KARTICA (SIFRA_ARTIKLA, GODINA, PIB, OZNAKA_MAGACINA, PROSECNA_CENA, POCETNA_KOLICINA, POCENTA_VREDNOST_KOLICINE, KOLICINA_ULAZA, VREDNOST_ULAZA, KOLICINA_IZLAZA, VREDNOST_IZLAZA) values (6, '   4', 19, 19, 16, 17, 17, 18, 13, 1, 2);

insert into MAGACINSKA_KARTICA (SIFRA_ARTIKLA, GODINA, PIB, OZNAKA_MAGACINA, PROSECNA_CENA, POCETNA_KOLICINA, POCENTA_VREDNOST_KOLICINE, KOLICINA_ULAZA, VREDNOST_ULAZA, KOLICINA_IZLAZA, VREDNOST_IZLAZA) values (5, '   5', 9, 9, 18, 7, 7, 15, 19, 6, 1);

insert into MAGACINSKA_KARTICA (SIFRA_ARTIKLA, GODINA, PIB, OZNAKA_MAGACINA, PROSECNA_CENA, POCETNA_KOLICINA, POCENTA_VREDNOST_KOLICINE, KOLICINA_ULAZA, VREDNOST_ULAZA, KOLICINA_IZLAZA, VREDNOST_IZLAZA) values (17, '   6', 12, 17, 5, 11, 12, 11, 6, 0, 8);

insert into MAGACINSKA_KARTICA (SIFRA_ARTIKLA, GODINA, PIB, OZNAKA_MAGACINA, PROSECNA_CENA, POCETNA_KOLICINA, POCENTA_VREDNOST_KOLICINE, KOLICINA_ULAZA, VREDNOST_ULAZA, KOLICINA_IZLAZA, VREDNOST_IZLAZA) values (9, '   7', 7, 13, 1, 3, 8, 16, 17, 11, 0);

insert into MAGACINSKA_KARTICA (SIFRA_ARTIKLA, GODINA, PIB, OZNAKA_MAGACINA, PROSECNA_CENA, POCETNA_KOLICINA, POCENTA_VREDNOST_KOLICINE, KOLICINA_ULAZA, VREDNOST_ULAZA, KOLICINA_IZLAZA, VREDNOST_IZLAZA) values (18, '   8', 3, 7, 9, 6, 6, 5, 8, 12, 9);

insert into MAGACINSKA_KARTICA (SIFRA_ARTIKLA, GODINA, PIB, OZNAKA_MAGACINA, PROSECNA_CENA, POCETNA_KOLICINA, POCENTA_VREDNOST_KOLICINE, KOLICINA_ULAZA, VREDNOST_ULAZA, KOLICINA_IZLAZA, VREDNOST_IZLAZA) values (15, '   9', 13, 5, 2, 19, 9, 7, 18, 16, 5);

insert into MAGACINSKA_KARTICA (SIFRA_ARTIKLA, GODINA, PIB, OZNAKA_MAGACINA, PROSECNA_CENA, POCETNA_KOLICINA, POCENTA_VREDNOST_KOLICINE, KOLICINA_ULAZA, VREDNOST_ULAZA, KOLICINA_IZLAZA, VREDNOST_IZLAZA) values (2, '   A', 11, 2, 0, 0, 16, 9, 7, 18, 16);

insert into MAGACINSKA_KARTICA (SIFRA_ARTIKLA, GODINA, PIB, OZNAKA_MAGACINA, PROSECNA_CENA, POCETNA_KOLICINA, POCENTA_VREDNOST_KOLICINE, KOLICINA_ULAZA, VREDNOST_ULAZA, KOLICINA_IZLAZA, VREDNOST_IZLAZA) values (12, '   B', 18, 1, 14, 15, 19, 19, 12, 17, 15);

insert into MAGACINSKA_KARTICA (SIFRA_ARTIKLA, GODINA, PIB, OZNAKA_MAGACINA, PROSECNA_CENA, POCETNA_KOLICINA, POCENTA_VREDNOST_KOLICINE, KOLICINA_ULAZA, VREDNOST_ULAZA, KOLICINA_IZLAZA, VREDNOST_IZLAZA) values (19, '   C', 14, 14, 6, 9, 11, 17, 16, 7, 10);

insert into MAGACINSKA_KARTICA (SIFRA_ARTIKLA, GODINA, PIB, OZNAKA_MAGACINA, PROSECNA_CENA, POCETNA_KOLICINA, POCENTA_VREDNOST_KOLICINE, KOLICINA_ULAZA, VREDNOST_ULAZA, KOLICINA_IZLAZA, VREDNOST_IZLAZA) values (16, '   D', 17, 18, 13, 18, 15, 2, 10, 13, 11);

insert into MAGACINSKA_KARTICA (SIFRA_ARTIKLA, GODINA, PIB, OZNAKA_MAGACINA, PROSECNA_CENA, POCETNA_KOLICINA, POCENTA_VREDNOST_KOLICINE, KOLICINA_ULAZA, VREDNOST_ULAZA, KOLICINA_IZLAZA, VREDNOST_IZLAZA) values (10, '   E', 16, 12, 10, 8, 0, 0, 3, 10, 13);

insert into MAGACINSKA_KARTICA (SIFRA_ARTIKLA, GODINA, PIB, OZNAKA_MAGACINA, PROSECNA_CENA, POCETNA_KOLICINA, POCENTA_VREDNOST_KOLICINE, KOLICINA_ULAZA, VREDNOST_ULAZA, KOLICINA_IZLAZA, VREDNOST_IZLAZA) values (1, '   F', 5, 3, 15, 1, 18, 14, 1, 2, 6);

insert into MAGACINSKA_KARTICA (SIFRA_ARTIKLA, GODINA, PIB, OZNAKA_MAGACINA, PROSECNA_CENA, POCETNA_KOLICINA, POCENTA_VREDNOST_KOLICINE, KOLICINA_ULAZA, VREDNOST_ULAZA, KOLICINA_IZLAZA, VREDNOST_IZLAZA) values (11, '   G', 15, 8, 19, 10, 1, 6, 9, 14, 4);

insert into MAGACINSKA_KARTICA (SIFRA_ARTIKLA, GODINA, PIB, OZNAKA_MAGACINA, PROSECNA_CENA, POCETNA_KOLICINA, POCENTA_VREDNOST_KOLICINE, KOLICINA_ULAZA, VREDNOST_ULAZA, KOLICINA_IZLAZA, VREDNOST_IZLAZA) values (4, '   H', 0, 11, 3, 5, 10, 13, 2, 4, 17);

insert into MAGACINSKA_KARTICA (SIFRA_ARTIKLA, GODINA, PIB, OZNAKA_MAGACINA, PROSECNA_CENA, POCETNA_KOLICINA, POCENTA_VREDNOST_KOLICINE, KOLICINA_ULAZA, VREDNOST_ULAZA, KOLICINA_IZLAZA, VREDNOST_IZLAZA) values (0, '   I', 1, 15, 17, 2, 14, 8, 5, 8, 12);

insert into STAVKA_POPISA (GODINA, REDNI_BROJ_POPISA, SIFRA_ARTIKLA, KOLICINA_PO_POPISU, VREDNOST_PO_POPISU, CENA_PO_POPISU, KOLICINA_U_KARTICI, CENA_U_KARTICI, VREDNOST_U_KARTICI) values ('    ', 16, 7, 18, 17, 6, 18, 2, 19);

insert into STAVKA_POPISA (GODINA, REDNI_BROJ_POPISA, SIFRA_ARTIKLA, KOLICINA_PO_POPISU, VREDNOST_PO_POPISU, CENA_PO_POPISU, KOLICINA_U_KARTICI, CENA_U_KARTICI, VREDNOST_U_KARTICI) values ('   0', 2, 8, 3, 3, 11, 13, 17, 16);

insert into STAVKA_POPISA (GODINA, REDNI_BROJ_POPISA, SIFRA_ARTIKLA, KOLICINA_PO_POPISU, VREDNOST_PO_POPISU, CENA_PO_POPISU, KOLICINA_U_KARTICI, CENA_U_KARTICI, VREDNOST_U_KARTICI) values ('   1', 1, 13, 6, 13, 12, 15, 19, 6);

insert into STAVKA_POPISA (GODINA, REDNI_BROJ_POPISA, SIFRA_ARTIKLA, KOLICINA_PO_POPISU, VREDNOST_PO_POPISU, CENA_PO_POPISU, KOLICINA_U_KARTICI, CENA_U_KARTICI, VREDNOST_U_KARTICI) values ('   2', 3, 3, 8, 8, 3, 8, 5, 10);

insert into STAVKA_POPISA (GODINA, REDNI_BROJ_POPISA, SIFRA_ARTIKLA, KOLICINA_PO_POPISU, VREDNOST_PO_POPISU, CENA_PO_POPISU, KOLICINA_U_KARTICI, CENA_U_KARTICI, VREDNOST_U_KARTICI) values ('   3', 8, 14, 13, 2, 7, 2, 15, 18);

insert into STAVKA_POPISA (GODINA, REDNI_BROJ_POPISA, SIFRA_ARTIKLA, KOLICINA_PO_POPISU, VREDNOST_PO_POPISU, CENA_PO_POPISU, KOLICINA_U_KARTICI, CENA_U_KARTICI, VREDNOST_U_KARTICI) values ('   4', 13, 6, 1, 19, 5, 17, 8, 14);

insert into STAVKA_POPISA (GODINA, REDNI_BROJ_POPISA, SIFRA_ARTIKLA, KOLICINA_PO_POPISU, VREDNOST_PO_POPISU, CENA_PO_POPISU, KOLICINA_U_KARTICI, CENA_U_KARTICI, VREDNOST_U_KARTICI) values ('   5', 0, 5, 19, 12, 16, 1, 18, 8);

insert into STAVKA_POPISA (GODINA, REDNI_BROJ_POPISA, SIFRA_ARTIKLA, KOLICINA_PO_POPISU, VREDNOST_PO_POPISU, CENA_PO_POPISU, KOLICINA_U_KARTICI, CENA_U_KARTICI, VREDNOST_U_KARTICI) values ('   6', 19, 17, 10, 16, 17, 0, 12, 7);

insert into STAVKA_POPISA (GODINA, REDNI_BROJ_POPISA, SIFRA_ARTIKLA, KOLICINA_PO_POPISU, VREDNOST_PO_POPISU, CENA_PO_POPISU, KOLICINA_U_KARTICI, CENA_U_KARTICI, VREDNOST_U_KARTICI) values ('   7', 5, 9, 7, 7, 0, 19, 16, 15);

insert into STAVKA_POPISA (GODINA, REDNI_BROJ_POPISA, SIFRA_ARTIKLA, KOLICINA_PO_POPISU, VREDNOST_PO_POPISU, CENA_PO_POPISU, KOLICINA_U_KARTICI, CENA_U_KARTICI, VREDNOST_U_KARTICI) values ('   8', 9, 18, 4, 15, 9, 9, 13, 11);

insert into STAVKA_POPISA (GODINA, REDNI_BROJ_POPISA, SIFRA_ARTIKLA, KOLICINA_PO_POPISU, VREDNOST_PO_POPISU, CENA_PO_POPISU, KOLICINA_U_KARTICI, CENA_U_KARTICI, VREDNOST_U_KARTICI) values ('   9', 11, 15, 12, 18, 14, 6, 0, 5);

insert into STAVKA_POPISA (GODINA, REDNI_BROJ_POPISA, SIFRA_ARTIKLA, KOLICINA_PO_POPISU, VREDNOST_PO_POPISU, CENA_PO_POPISU, KOLICINA_U_KARTICI, CENA_U_KARTICI, VREDNOST_U_KARTICI) values ('   A', 6, 2, 9, 1, 2, 7, 9, 13);

insert into STAVKA_POPISA (GODINA, REDNI_BROJ_POPISA, SIFRA_ARTIKLA, KOLICINA_PO_POPISU, VREDNOST_PO_POPISU, CENA_PO_POPISU, KOLICINA_U_KARTICI, CENA_U_KARTICI, VREDNOST_U_KARTICI) values ('   B', 7, 12, 15, 14, 18, 4, 11, 9);

insert into STAVKA_POPISA (GODINA, REDNI_BROJ_POPISA, SIFRA_ARTIKLA, KOLICINA_PO_POPISU, VREDNOST_PO_POPISU, CENA_PO_POPISU, KOLICINA_U_KARTICI, CENA_U_KARTICI, VREDNOST_U_KARTICI) values ('   C', 14, 19, 5, 10, 4, 12, 4, 17);

insert into STAVKA_POPISA (GODINA, REDNI_BROJ_POPISA, SIFRA_ARTIKLA, KOLICINA_PO_POPISU, VREDNOST_PO_POPISU, CENA_PO_POPISU, KOLICINA_U_KARTICI, CENA_U_KARTICI, VREDNOST_U_KARTICI) values ('   D', 12, 16, 2, 6, 10, 16, 7, 1);

insert into STAVKA_POPISA (GODINA, REDNI_BROJ_POPISA, SIFRA_ARTIKLA, KOLICINA_PO_POPISU, VREDNOST_PO_POPISU, CENA_PO_POPISU, KOLICINA_U_KARTICI, CENA_U_KARTICI, VREDNOST_U_KARTICI) values ('   E', 10, 10, 11, 4, 13, 5, 6, 0);

insert into STAVKA_POPISA (GODINA, REDNI_BROJ_POPISA, SIFRA_ARTIKLA, KOLICINA_PO_POPISU, VREDNOST_PO_POPISU, CENA_PO_POPISU, KOLICINA_U_KARTICI, CENA_U_KARTICI, VREDNOST_U_KARTICI) values ('   F', 17, 1, 14, 5, 1, 11, 10, 12);

insert into STAVKA_POPISA (GODINA, REDNI_BROJ_POPISA, SIFRA_ARTIKLA, KOLICINA_PO_POPISU, VREDNOST_PO_POPISU, CENA_PO_POPISU, KOLICINA_U_KARTICI, CENA_U_KARTICI, VREDNOST_U_KARTICI) values ('   G', 4, 11, 17, 11, 8, 14, 14, 2);

insert into STAVKA_POPISA (GODINA, REDNI_BROJ_POPISA, SIFRA_ARTIKLA, KOLICINA_PO_POPISU, VREDNOST_PO_POPISU, CENA_PO_POPISU, KOLICINA_U_KARTICI, CENA_U_KARTICI, VREDNOST_U_KARTICI) values ('   H', 15, 4, 16, 0, 19, 10, 1, 3);

insert into STAVKA_POPISA (GODINA, REDNI_BROJ_POPISA, SIFRA_ARTIKLA, KOLICINA_PO_POPISU, VREDNOST_PO_POPISU, CENA_PO_POPISU, KOLICINA_U_KARTICI, CENA_U_KARTICI, VREDNOST_U_KARTICI) values ('   I', 18, 0, 0, 9, 15, 3, 3, 4);

insert into ANALITIKA_MAGACINSKE_KARTICE (PIB, SIFRA_ARTIKLA, MAG_GODINA, OZNAKA_MAGACINA, REDNI_BROJ_AN_, GODINA, REDNI_BROJ_STAVKE, DATUM_PROMENE, VR__DOK, SIFRA_DOKUMENTA, KOLICINA, CENA, VREDNOST, SMER) values (8, 7, '    ', 0, 1, '    ', 19, '195-7-21', 'WR94IFBRB2G9', 'QYO6HFXUXYEX', 8, 4, 19, 'BA UH K27DT3');

insert into ANALITIKA_MAGACINSKE_KARTICE (PIB, SIFRA_ARTIKLA, MAG_GODINA, OZNAKA_MAGACINA, REDNI_BROJ_AN_, GODINA, REDNI_BROJ_STAVKE, DATUM_PROMENE, VR__DOK, SIFRA_DOKUMENTA, KOLICINA, CENA, VREDNOST, SMER) values (4, 8, '   0', 4, 9, '    ', 13, '848-6-22', 'RHF8HSAXS4OP', 'KQKVF6FR3WLU', 0, 14, 2, 'N9LSUN91VDRC');

insert into ANALITIKA_MAGACINSKE_KARTICE (PIB, SIFRA_ARTIKLA, MAG_GODINA, OZNAKA_MAGACINA, REDNI_BROJ_AN_, GODINA, REDNI_BROJ_STAVKE, DATUM_PROMENE, VR__DOK, SIFRA_DOKUMENTA, KOLICINA, CENA, VREDNOST, SMER) values (6, 13, '   1', 16, 7, '    ', 13, '1153-8-20', '1YIBAO0Q9EME', 'BWOWCT2H0WNG', 6, 12, 1, 'FCDCT3SWH779');

insert into ANALITIKA_MAGACINSKE_KARTICE (PIB, SIFRA_ARTIKLA, MAG_GODINA, OZNAKA_MAGACINA, REDNI_BROJ_AN_, GODINA, REDNI_BROJ_STAVKE, DATUM_PROMENE, VR__DOK, SIFRA_DOKUMENTA, KOLICINA, CENA, VREDNOST, SMER) values (10, 3, '   2', 10, 5, '    ', 13, '1420-9-21', 'NV55HJ9U99K6', 'B EV33I48NV7', 2, 10, 8, '4ELET276FJYH');

insert into ANALITIKA_MAGACINSKE_KARTICE (PIB, SIFRA_ARTIKLA, MAG_GODINA, OZNAKA_MAGACINA, REDNI_BROJ_AN_, GODINA, REDNI_BROJ_STAVKE, DATUM_PROMENE, VR__DOK, SIFRA_DOKUMENTA, KOLICINA, CENA, VREDNOST, SMER) values (2, 14, '   3', 6, 6, '    ', 13, '1242-12-28', '1BT69N5JW84T', 'RAT4V4KWR5R9', 3, 1, 13, 'AUYHEF9S9QD4');

insert into ANALITIKA_MAGACINSKE_KARTICE (PIB, SIFRA_ARTIKLA, MAG_GODINA, OZNAKA_MAGACINA, REDNI_BROJ_AN_, GODINA, REDNI_BROJ_STAVKE, DATUM_PROMENE, VR__DOK, SIFRA_DOKUMENTA, KOLICINA, CENA, VREDNOST, SMER) values (19, 6, '   4', 19, 0, '    ', 13, '49-6-14', '3NDN5F9EHF8 ', 'CB0Q3765LAEV', 19, 3, 17, '0Q8WFDW29H7S');

insert into ANALITIKA_MAGACINSKE_KARTICE (PIB, SIFRA_ARTIKLA, MAG_GODINA, OZNAKA_MAGACINA, REDNI_BROJ_AN_, GODINA, REDNI_BROJ_STAVKE, DATUM_PROMENE, VR__DOK, SIFRA_DOKUMENTA, KOLICINA, CENA, VREDNOST, SMER) values (9, 5, '   5', 9, 16, '    ', 13, '949-4-18', 'NXICDHSMS6C8', 'DV5FIXLGLV 9', 13, 8, 6, 'EGDVK7HFU DC');

insert into ANALITIKA_MAGACINSKE_KARTICE (PIB, SIFRA_ARTIKLA, MAG_GODINA, OZNAKA_MAGACINA, REDNI_BROJ_AN_, GODINA, REDNI_BROJ_STAVKE, DATUM_PROMENE, VR__DOK, SIFRA_DOKUMENTA, KOLICINA, CENA, VREDNOST, SMER) values (12, 17, '   6', 17, 10, '    ', 13, '1354-11-11', ' P8SHGSJ3CNN', 'KUG TLCTB62Y', 18, 17, 14, 'QWXK95CCJ7FL');

insert into ANALITIKA_MAGACINSKE_KARTICE (PIB, SIFRA_ARTIKLA, MAG_GODINA, OZNAKA_MAGACINA, REDNI_BROJ_AN_, GODINA, REDNI_BROJ_STAVKE, DATUM_PROMENE, VR__DOK, SIFRA_DOKUMENTA, KOLICINA, CENA, VREDNOST, SMER) values (7, 9, '   7', 13, 8, '    ', 13, '412-12-21', '1GJHD8D4K8KW', '6JG08XIKV18A', 16, 7, 12, 'F BPXXWIF859');

insert into ANALITIKA_MAGACINSKE_KARTICE (PIB, SIFRA_ARTIKLA, MAG_GODINA, OZNAKA_MAGACINA, REDNI_BROJ_AN_, GODINA, REDNI_BROJ_STAVKE, DATUM_PROMENE, VR__DOK, SIFRA_DOKUMENTA, KOLICINA, CENA, VREDNOST, SMER) values (3, 18, '   8', 7, 19, '    ', 13, '1537-12-15', 'R83W0YJC9KDK', 'CW6NA1 II9UK', 12, 11, 16, 'WAT07FI40LNR');

insert into ANALITIKA_MAGACINSKE_KARTICE (PIB, SIFRA_ARTIKLA, MAG_GODINA, OZNAKA_MAGACINA, REDNI_BROJ_AN_, GODINA, REDNI_BROJ_STAVKE, DATUM_PROMENE, VR__DOK, SIFRA_DOKUMENTA, KOLICINA, CENA, VREDNOST, SMER) values (13, 15, '   9', 5, 18, '    ', 13, '282-5-30', 'KLLCYPW5SWAK', 'BVR06T8EVF9W', 15, 13, 9, '21HSDXJSDPNT');

insert into ANALITIKA_MAGACINSKE_KARTICE (PIB, SIFRA_ARTIKLA, MAG_GODINA, OZNAKA_MAGACINA, REDNI_BROJ_AN_, GODINA, REDNI_BROJ_STAVKE, DATUM_PROMENE, VR__DOK, SIFRA_DOKUMENTA, KOLICINA, CENA, VREDNOST, SMER) values (11, 2, '   A', 2, 14, '    ', 13, '1829-2-24', 'MEXEFKSVGXGJ', ' PC757D5N378', 9, 19, 15, 'F2YV7N15D9PA');

insert into ANALITIKA_MAGACINSKE_KARTICE (PIB, SIFRA_ARTIKLA, MAG_GODINA, OZNAKA_MAGACINA, REDNI_BROJ_AN_, GODINA, REDNI_BROJ_STAVKE, DATUM_PROMENE, VR__DOK, SIFRA_DOKUMENTA, KOLICINA, CENA, VREDNOST, SMER) values (18, 12, '   B', 1, 4, '    ', 13, '1-1-1', 'FDRG KL08C1I', 'MME6XWIMKEWC', 11, 9, 11, 'H7GX0HUFQGL9');

insert into ANALITIKA_MAGACINSKE_KARTICE (PIB, SIFRA_ARTIKLA, MAG_GODINA, OZNAKA_MAGACINA, REDNI_BROJ_AN_, GODINA, REDNI_BROJ_STAVKE, DATUM_PROMENE, VR__DOK, SIFRA_DOKUMENTA, KOLICINA, CENA, VREDNOST, SMER) values (14, 19, '   C', 14, 13, '    ', 13, '1620-2-18', '618WRQ4772LU', 'TXQT422MKURH', 7, 16, 3, 'DJVRJ S30GVP');

insert into ANALITIKA_MAGACINSKE_KARTICE (PIB, SIFRA_ARTIKLA, MAG_GODINA, OZNAKA_MAGACINA, REDNI_BROJ_AN_, GODINA, REDNI_BROJ_STAVKE, DATUM_PROMENE, VR__DOK, SIFRA_DOKUMENTA, KOLICINA, CENA, VREDNOST, SMER) values (17, 16, '   D', 18, 15, '    ', 13, '1685-9-28', '0 YQ0TFHHXIV', '7MUH8BE8UBKM', 17, 15, 5, 'JR6BSW1V48U0');

insert into ANALITIKA_MAGACINSKE_KARTICE (PIB, SIFRA_ARTIKLA, MAG_GODINA, OZNAKA_MAGACINA, REDNI_BROJ_AN_, GODINA, REDNI_BROJ_STAVKE, DATUM_PROMENE, VR__DOK, SIFRA_DOKUMENTA, KOLICINA, CENA, VREDNOST, SMER) values (16, 10, '   E', 12, 12, '    ', 13, '754-12-13', '9QXPY 2669C3', '0JCN8GD8 ITH', 10, 0, 18, 'DS27OE5JBXWE');

insert into ANALITIKA_MAGACINSKE_KARTICE (PIB, SIFRA_ARTIKLA, MAG_GODINA, OZNAKA_MAGACINA, REDNI_BROJ_AN_, GODINA, REDNI_BROJ_STAVKE, DATUM_PROMENE, VR__DOK, SIFRA_DOKUMENTA, KOLICINA, CENA, VREDNOST, SMER) values (5, 1, '   F', 3, 17, '    ', 13, '582-3-20', '2LYOTXWNJR E', 'DK03LPPRFHJS', 5, 5, 4, 'J377R 9DHDDN');

insert into ANALITIKA_MAGACINSKE_KARTICE (PIB, SIFRA_ARTIKLA, MAG_GODINA, OZNAKA_MAGACINA, REDNI_BROJ_AN_, GODINA, REDNI_BROJ_STAVKE, DATUM_PROMENE, VR__DOK, SIFRA_DOKUMENTA, KOLICINA, CENA, VREDNOST, SMER) values (15, 11, '   G', 8, 2, '    ', 13, '494-1-2', '5APFVMKDJ92J', 'TQO7IIF9T8FR', 14, 2, 0, 'VAUVY40KP006');

insert into ANALITIKA_MAGACINSKE_KARTICE (PIB, SIFRA_ARTIKLA, MAG_GODINA, OZNAKA_MAGACINA, REDNI_BROJ_AN_, GODINA, REDNI_BROJ_STAVKE, DATUM_PROMENE, VR__DOK, SIFRA_DOKUMENTA, KOLICINA, CENA, VREDNOST, SMER) values (0, 4, '   H', 11, 11, '    ', 13, '691-5-4', 'SCFE1BKYAVR6', 'D0DABS 7FQV7', 1, 18, 7, 'QJBJVC73H12X');

insert into ANALITIKA_MAGACINSKE_KARTICE (PIB, SIFRA_ARTIKLA, MAG_GODINA, OZNAKA_MAGACINA, REDNI_BROJ_AN_, GODINA, REDNI_BROJ_STAVKE, DATUM_PROMENE, VR__DOK, SIFRA_DOKUMENTA, KOLICINA, CENA, VREDNOST, SMER) values (1, 0, '   I', 15, 3, '    ', 13, '1005-9-13', '54MRA2FEFYPC', 'K0ESKM1N P37', 4, 6, 10, 'QTWSO33Y9SBX');

